Batch,mse,r2
1,0.29113075,0.7054173260007666
2,0.28387558,0.7127585344629149
3,0.2739417,0.7228101931336938
4,0.3030852,0.69332113604196
5,0.35332724,0.6424833677126225
